여행,볼빨간사춘기
빙글뱅글 (Bingle Bangle),에이오에이(AOA)
FAKE LOVE,방탄소년단
밤 (Time for the moon night),여자친구(GFRIEND)
LATATA,(여자)아이들
Lonely,볼빨간사춘기
데리러 가 (Good Evening),SHINee (샤이니)
주지마,로꼬
지나오다,닐로(Nil_O)
야경,볼빨간사춘기
What is Love?,TWICE (트와이스)
"안녕, 곰인형",볼빨간사춘기
바람사람,볼빨간사춘기
SELFISH (feat. 슬기 Of Red Velvet),문별(마마무)
빛나리,펜타곤 (PENTAGON)
"모든 날, 모든 순간 (Every day, Every Moment)",폴킴(Paul Kim)
잊을만하면,크러쉬(Crush)
붕붕 (Feat. 식케이) (Prod. GroovyRoom),김하온(HAON)
You,멜로망스(MeloMance)
우리 서로,김나영
사랑을 했다 (LOVE SCENARIO),iKON
전하지 못한 진심 (Feat. Steve Aoki),방탄소년단
Clip,볼빨간사춘기
뿜뿜,모모랜드(MOMOLAND)
첫눈처럼 너에게 가겠다,이선희
Anpanman,방탄소년단
그때 헤어지면 돼,로이킴
욕심,멜로망스(MeloMance)
소주한잔,이선희
끝사랑,이선희
바람기억,이선희
소나기 (Feat. 10cm),용준형
Roller Coaster,청하
Airplane pt.2,방탄소년단
열애중,벤
EVERYDAY,WINNER
겁쟁이,이선희
어른,Sondia
별이 빛나는 밤,마마무(Mamamoo)
Love Maze,방탄소년단
낙원,방탄소년단
My Way,이수
DNA,방탄소년단
Handclap,Fitz & The Tantrums
"별, 그대 (The Only Star)",황치열
제발,이선희
Done For Me,Charlie Puth(찰리 푸스)
선물,멜로망스(MeloMance)
바코드 (Prod. GroovyRoom),김하온(HAON)
Havana (feat. Young Thug),Camila Cabello(카밀라 카베요)
그날처럼,장덕철
꽃 길,BIGBANG
"My Paradise (feat. 청하, Vinxen)",그루비룸 (GroovyRoom)
Fly Away,신승훈
Magic Shop,방탄소년단
넋두리,닐로(Nil_O)
미안해,양다일
Bad Boy,Red Velvet (레드벨벳)
안녕 (You & I),SHINee (샤이니)
Shape Of You,Ed Sheeran(에드 시런)
봄날,방탄소년단
달리 (Dally) (feat. GRAY),효린
비,폴킴(Paul Kim)
FRIENDS,Marshmello(마시멜로)
마지막처럼,BLACKPINK
생각해 (think),크루셜스타(Crucial Star)
All Day All Night,SHINee (샤이니)
REALLY REALLY,WINNER
No Tears Left To Cry,Ariana Grande(아리아나 그란데)
EASY (feat. 식케이),휘인(마마무)
영원히,성시경
Additional,폴킴(Paul Kim)
밤편지,아이유(IU)
폰서트,10cm(십센치)
134340,방탄소년단
우리 둘만 아는,윤건
빨간 맛 (Red Flavor),Red Velvet (레드벨벳)
instagram,DEAN(딘)
무슨 말이 필요해 (Go Away),용준형
Jenga (Feat. Gaeko),헤이즈(HEIZE)
가을 안부,먼데이 키즈(Monday Kiz)
이 별,길구봉구
"다시, 우리",길구봉구
청춘길일 (靑春吉日),옥상달빛
눈사람,정승환
어린 왕자 (Prod. Godic) ,김하온(HAON)
비도 오고 그래서 (Feat. 신용재),헤이즈(HEIZE)
전혀 (Feat. 우원재) (Prod. GroovyRoom),빈첸(VINXEN)
시차 (We Are) (Feat. 로꼬 & GRAY),우원재
There's Nothing Holdin' Me Back,Shawn Mendes(션 멘데스)
all of my life,박원
북 (Prod.SLO),이로한(WEBSTER B)
Heart Shaker,TWICE (트와이스)
JUMP,SHINee (샤이니)
좋니,윤종신
Thunder,Imagine Dragons(이매진 드래곤스)
나타나줘 (Feat. 박재범),로꼬
Super Duper,에이오에이(AOA)
So What,방탄소년단
Lullaby,신승훈
팔레트 (Feat. G-DRAGON),아이유(IU)
아프지 마요,젝스키스
오늘 취하면 (Feat.창모) (Prod. SUGA),수란(SURAN)
TOMBOY,혁오 (HYUKOH)
이 지금,아이유(IU)
사랑이 잘 (With 오혁),아이유(IU)
BLUE MOON (Prod. GroovyRoom),효린
REALLY REALLY,WINNER
그대로일까 (Feat. 헤이즈),용준형
이런 엔딩,아이유(IU)
밤편지,아이유(IU)
잼잼,아이유(IU)
"지금, 우리",러블리즈(Lovelyz)
She's a Baby,지코(Zico)
낮보다는 밤,EXID
KNOCK KNOCK,TWICE (트와이스)
이름에게,아이유(IU)
Marry Me,마크툽(Maktub)
첫눈처럼 너에게 가겠다,에일리(Ailee)
아름다워,창모(CHANGMO)
Fly away,권진아
오빠야,신현희와김루트
Shape Of You,Ed Sheeran(에드 시런)
Black Out,아이유(IU)
가죽자켓,혁오 (HYUKOH)
나야 나 (PICK ME),PRODUCE 101(프로듀스 101)
미운 날,이해리 (다비치)
얼굴 찌푸리지 말아요,하이라이트(Highlight)
좋다고 말해,볼빨간사춘기
너란 봄 (feat. 하림),정은지
Lonely (Feat. 태연),종현 (JONGHYUN)
바래다줄게 (Take You Home),백현(BAEKHYUN)
"All I Wanna Do (K) (Feat. Hoody, Loco)",박재범(Jay Park)
Would U,Red Velvet (레드벨벳)
왜안돼?,데이브레이크(DAYBREAK)
Make Me Love You,태연 (TAEYEON)
오랜 날 오랜 밤,악동뮤지션(AKMU)
부담이 돼 (Feat. 휘인 of 마마무),정키(Jung Key)
Rookie,Red Velvet (레드벨벳)
마침표,아이유(IU)
Something Just Like This,The Chainsmokers(체인스모커스)
Fine,태연 (TAEYEON)
우주를 줄게,볼빨간사춘기
I'll Be Yours,걸스데이(Girl's Day)
심술,볼빨간사춘기
Closer (feat. Halsey),The Chainsmokers(체인스모커스)
지나친 사랑은 해로워,용준형
YESTERDAY,블락비(Block B)
Attention,Charlie Puth(찰리 푸스)
우리집을 못 찾겠군요 (feat. 볼빨간사춘기),매드 클라운(Mad Clown)
나만 안되는 연애,볼빨간사춘기
Beautiful,크러쉬(Crush)
불장난,BLACKPINK
FINGERTIP,여자친구(GFRIEND)
MOVIE,비투비(BTOB)
넘어와 (Feat. 백예린),DEAN(딘)
그렇게 사랑은,아이유(IU)
마에스트로 (Maestro),창모(CHANGMO)
WEE WOO,PRISTIN(프리스틴)
TT,TWICE (트와이스)
FOOL,WINNER
That's What I Like,Bruno Mars(브루노 마스)
"유후 (You, Who?)",에릭남(Eric Nam)
봄날,방탄소년단
사랑은 지옥에서 온 개 (feat. 수란),매드 클라운(Mad Clown)
You(=I),볼빨간사춘기
At The End,이창섭
에라 모르겠다,BIGBANG
365 FRESH,"트리플 H (현아, 펜타곤 (후이, 이던))"
Tokyo Inn,혁오 (HYUKOH)
봄 사랑 벚꽃 말고,하이포(HIGH4)
그대라는 사치,한동근
사랑 좀 하고 싶어 (Real Love),헨리 (HENRY)
비행운,문문(MoonMoon)
5분만 더 (Feat. 빈지노),산체스 (Sanchez)
D?calcomanie (데칼코마니),마마무(Mamamoo)
러시안 룰렛 (Russian Roulette),Red Velvet (레드벨벳)
이쁘다니까,에디킴(Eddy Kim)
슬픈 노래,젝스키스
Don't Wanna Know?(feat. Kendrick Lamar),Maroon 5(마룬 파이브)
돌아오지마 (Feat. 용준형 of 비스트),헤이즈(HEIZE)
Come for you (Feat. HOMEBOY & FNRL.),Osshun Gum
Beauty and the Beast,Ariana Grande(아리아나 그란데)
D (half moon) (Feat. 개코),DEAN(딘)
Stay With Me,찬열 (CHANYEOL)
그리워요 (Girlfriend),헨리 (HENRY)
노래,Zion.T
이 소설의 끝을 다시 써보려 해,한동근
I Miss You,소유 (SOYOU)
CHEER UP,TWICE (트와이스)
벚꽃 엔딩,버스커 버스커(Busker Busker)
좋아해(bye),CHEEZE(치즈)
장난 아닌데,DAY6 (데이식스)
너였다면,정승환
상남자 (Boy In Luv),방탄소년단
싸운날,볼빨간사춘기
바램,정준일
봄비 (Spring Rain),보아 (BoA)
Viva La Vida,Coldplay(콜드플레이)
잘자 (Sleep Tight) (Feat. 길구봉구),키썸(Kisum)
